--------------------------------------------------------
--  File created - Cuma-Mayýs-18-2018   
--------------------------------------------------------
--------------------------------------------------------
--  DDL for Table YP_YURT
--------------------------------------------------------

  CREATE TABLE "DENIZ"."YP_YURT" 
   (	"YURT_ID" NUMBER, 
	"YURT_AD" VARCHAR2(50 BYTE), 
	"YURT_TELEFON" NUMBER(11,0), 
	"YURT_EPOSTA" VARCHAR2(50 BYTE), 
	"YURT_ADRES" VARCHAR2(250 BYTE)
   ) SEGMENT CREATION IMMEDIATE 
  PCTFREE 10 PCTUSED 40 INITRANS 1 MAXTRANS 255 NOCOMPRESS LOGGING
  STORAGE(INITIAL 65536 NEXT 1048576 MINEXTENTS 1 MAXEXTENTS 2147483645
  PCTINCREASE 0 FREELISTS 1 FREELIST GROUPS 1 BUFFER_POOL DEFAULT FLASH_CACHE DEFAULT CELL_FLASH_CACHE DEFAULT)
  TABLESPACE "USERS" ;
--------------------------------------------------------
--  DDL for Table YP_YONETICI
--------------------------------------------------------

  CREATE TABLE "DENIZ"."YP_YONETICI" 
   (	"YONETICI_ID" NUMBER, 
	"YONETICI_TC" NUMBER(11,0), 
	"YONETICI_AD" VARCHAR2(20 BYTE), 
	"YONETICI_SOYAD" VARCHAR2(20 BYTE), 
	"YONETICI_DOGUM_TARIHI" DATE, 
	"YONETICI_CEPNO" NUMBER(11,0), 
	"YONETICI_SIFRE" VARCHAR2(20 BYTE), 
	"YONETICI_YETKI" NUMBER, 
	"BIRIM_ID" NUMBER, 
	"YONETICI_ADRES" VARCHAR2(250 BYTE)
   ) SEGMENT CREATION IMMEDIATE 
  PCTFREE 10 PCTUSED 40 INITRANS 1 MAXTRANS 255 NOCOMPRESS LOGGING
  STORAGE(INITIAL 65536 NEXT 1048576 MINEXTENTS 1 MAXEXTENTS 2147483645
  PCTINCREASE 0 FREELISTS 1 FREELIST GROUPS 1 BUFFER_POOL DEFAULT FLASH_CACHE DEFAULT CELL_FLASH_CACHE DEFAULT)
  TABLESPACE "USERS" ;
--------------------------------------------------------
--  DDL for Table YP_UNIVERSITE
--------------------------------------------------------

  CREATE TABLE "DENIZ"."YP_UNIVERSITE" 
   (	"UNIVERSITE_ID" NUMBER, 
	"UNIVERSITE_AD" VARCHAR2(20 BYTE)
   ) SEGMENT CREATION IMMEDIATE 
  PCTFREE 10 PCTUSED 40 INITRANS 1 MAXTRANS 255 NOCOMPRESS LOGGING
  STORAGE(INITIAL 65536 NEXT 1048576 MINEXTENTS 1 MAXEXTENTS 2147483645
  PCTINCREASE 0 FREELISTS 1 FREELIST GROUPS 1 BUFFER_POOL DEFAULT FLASH_CACHE DEFAULT CELL_FLASH_CACHE DEFAULT)
  TABLESPACE "USERS" ;
--------------------------------------------------------
--  DDL for Table YP_OGRENCI_IZIN
--------------------------------------------------------

  CREATE TABLE "DENIZ"."YP_OGRENCI_IZIN" 
   (	"IZIN_ID" NUMBER, 
	"OGRENCI_ID" NUMBER, 
	"GIDIS_TARIH" DATE, 
	"DONUS_TARIH" DATE, 
	"IZIN_ADRESI" VARCHAR2(250 BYTE), 
	"IZIN_DURUM" NUMBER
   ) SEGMENT CREATION IMMEDIATE 
  PCTFREE 10 PCTUSED 40 INITRANS 1 MAXTRANS 255 NOCOMPRESS LOGGING
  STORAGE(INITIAL 65536 NEXT 1048576 MINEXTENTS 1 MAXEXTENTS 2147483645
  PCTINCREASE 0 FREELISTS 1 FREELIST GROUPS 1 BUFFER_POOL DEFAULT FLASH_CACHE DEFAULT CELL_FLASH_CACHE DEFAULT)
  TABLESPACE "USERS" ;
--------------------------------------------------------
--  DDL for Table YP_OGRENCI
--------------------------------------------------------

  CREATE TABLE "DENIZ"."YP_OGRENCI" 
   (	"OGRENCI_ID" NUMBER, 
	"OGRENCI_TC" NUMBER(11,0), 
	"OGRENCI_AD" VARCHAR2(20 BYTE), 
	"OGRENCI_SOYAD" VARCHAR2(20 BYTE), 
	"OGRENCI_ADRES" VARCHAR2(250 BYTE), 
	"OGRENCI_DOGUM_TARIHI" DATE, 
	"OGRENCI_CEPNO" NUMBER(11,0), 
	"OGRENCI_VELI_AD" VARCHAR2(20 BYTE), 
	"OGRENCI_VELI_CEPNO" NUMBER(11,0), 
	"OGRENCI_SINIF" NUMBER(2,0), 
	"BOLUM_ID" NUMBER, 
	"KAYIT_DURUM" NUMBER(1,0)
   ) SEGMENT CREATION IMMEDIATE 
  PCTFREE 10 PCTUSED 40 INITRANS 1 MAXTRANS 255 NOCOMPRESS LOGGING
  STORAGE(INITIAL 65536 NEXT 1048576 MINEXTENTS 1 MAXEXTENTS 2147483645
  PCTINCREASE 0 FREELISTS 1 FREELIST GROUPS 1 BUFFER_POOL DEFAULT FLASH_CACHE DEFAULT CELL_FLASH_CACHE DEFAULT)
  TABLESPACE "USERS" ;
--------------------------------------------------------
--  DDL for Table YP_ODEME
--------------------------------------------------------

  CREATE TABLE "DENIZ"."YP_ODEME" 
   (	"ODEME_ID" NUMBER, 
	"ODEME_TARIH" DATE, 
	"OGRENCI_ID" NUMBER, 
	"YONETICI_ID" NUMBER
   ) SEGMENT CREATION IMMEDIATE 
  PCTFREE 10 PCTUSED 40 INITRANS 1 MAXTRANS 255 NOCOMPRESS LOGGING
  STORAGE(INITIAL 65536 NEXT 1048576 MINEXTENTS 1 MAXEXTENTS 2147483645
  PCTINCREASE 0 FREELISTS 1 FREELIST GROUPS 1 BUFFER_POOL DEFAULT FLASH_CACHE DEFAULT CELL_FLASH_CACHE DEFAULT)
  TABLESPACE "USERS" ;
--------------------------------------------------------
--  DDL for Table YP_ODA_OZELLIK
--------------------------------------------------------

  CREATE TABLE "DENIZ"."YP_ODA_OZELLIK" 
   (	"ODA_ID" NUMBER, 
	"YATAK_SAYISI" NUMBER(1,0), 
	"BALKON_DURUMU" NUMBER(1,0), 
	"FIYAT_BILGISI" NUMBER, 
	"GENISLIK" NUMBER(2,0), 
	"ODA_KOD" VARCHAR2(6 BYTE)
   ) SEGMENT CREATION IMMEDIATE 
  PCTFREE 10 PCTUSED 40 INITRANS 1 MAXTRANS 255 NOCOMPRESS LOGGING
  STORAGE(INITIAL 65536 NEXT 1048576 MINEXTENTS 1 MAXEXTENTS 2147483645
  PCTINCREASE 0 FREELISTS 1 FREELIST GROUPS 1 BUFFER_POOL DEFAULT FLASH_CACHE DEFAULT CELL_FLASH_CACHE DEFAULT)
  TABLESPACE "USERS" ;
--------------------------------------------------------
--  DDL for Table YP_ODA_KAYIT
--------------------------------------------------------

  CREATE TABLE "DENIZ"."YP_ODA_KAYIT" 
   (	"KAYIT_ID" NUMBER, 
	"OGRENCI_ID" NUMBER, 
	"ODA_ID" NUMBER, 
	"GIRIS_TARIHI" DATE, 
	"CIKIS_TARIHI" DATE
   ) SEGMENT CREATION IMMEDIATE 
  PCTFREE 10 PCTUSED 40 INITRANS 1 MAXTRANS 255 NOCOMPRESS LOGGING
  STORAGE(INITIAL 65536 NEXT 1048576 MINEXTENTS 1 MAXEXTENTS 2147483645
  PCTINCREASE 0 FREELISTS 1 FREELIST GROUPS 1 BUFFER_POOL DEFAULT FLASH_CACHE DEFAULT CELL_FLASH_CACHE DEFAULT)
  TABLESPACE "USERS" ;
--------------------------------------------------------
--  DDL for Table YP_GIRIS
--------------------------------------------------------

  CREATE TABLE "DENIZ"."YP_GIRIS" 
   (	"GIRIS_ID" NUMBER, 
	"GIRIS_TARIH" TIMESTAMP (6), 
	"YONETICI_ID" NUMBER
   ) SEGMENT CREATION IMMEDIATE 
  PCTFREE 10 PCTUSED 40 INITRANS 1 MAXTRANS 255 NOCOMPRESS LOGGING
  STORAGE(INITIAL 65536 NEXT 1048576 MINEXTENTS 1 MAXEXTENTS 2147483645
  PCTINCREASE 0 FREELISTS 1 FREELIST GROUPS 1 BUFFER_POOL DEFAULT FLASH_CACHE DEFAULT CELL_FLASH_CACHE DEFAULT)
  TABLESPACE "USERS" ;
--------------------------------------------------------
--  DDL for Table YP_BOLUM
--------------------------------------------------------

  CREATE TABLE "DENIZ"."YP_BOLUM" 
   (	"BOLUM_ID" NUMBER, 
	"FAKULTE_ID" NUMBER, 
	"BOLUM_AD" VARCHAR2(50 BYTE), 
	"YIL_SAYISI" NUMBER
   ) SEGMENT CREATION IMMEDIATE 
  PCTFREE 10 PCTUSED 40 INITRANS 1 MAXTRANS 255 NOCOMPRESS LOGGING
  STORAGE(INITIAL 65536 NEXT 1048576 MINEXTENTS 1 MAXEXTENTS 2147483645
  PCTINCREASE 0 FREELISTS 1 FREELIST GROUPS 1 BUFFER_POOL DEFAULT FLASH_CACHE DEFAULT CELL_FLASH_CACHE DEFAULT)
  TABLESPACE "USERS" ;
--------------------------------------------------------
--  DDL for Table YP_BIRIM
--------------------------------------------------------

  CREATE TABLE "DENIZ"."YP_BIRIM" 
   (	"BIRIM_ID" NUMBER, 
	"BIRIM_AD" VARCHAR2(50 BYTE), 
	"BIRIM_MAAS" NUMBER
   ) SEGMENT CREATION IMMEDIATE 
  PCTFREE 10 PCTUSED 40 INITRANS 1 MAXTRANS 255 NOCOMPRESS LOGGING
  STORAGE(INITIAL 65536 NEXT 1048576 MINEXTENTS 1 MAXEXTENTS 2147483645
  PCTINCREASE 0 FREELISTS 1 FREELIST GROUPS 1 BUFFER_POOL DEFAULT FLASH_CACHE DEFAULT CELL_FLASH_CACHE DEFAULT)
  TABLESPACE "USERS" ;
--------------------------------------------------------
--  DDL for Table YP_FAKULTE
--------------------------------------------------------

  CREATE TABLE "DENIZ"."YP_FAKULTE" 
   (	"FAKULTE_ID" NUMBER, 
	"UNIVERSITE_ID" NUMBER, 
	"FAKULTE_AD" VARCHAR2(50 BYTE)
   ) SEGMENT CREATION IMMEDIATE 
  PCTFREE 10 PCTUSED 40 INITRANS 1 MAXTRANS 255 NOCOMPRESS LOGGING
  STORAGE(INITIAL 65536 NEXT 1048576 MINEXTENTS 1 MAXEXTENTS 2147483645
  PCTINCREASE 0 FREELISTS 1 FREELIST GROUPS 1 BUFFER_POOL DEFAULT FLASH_CACHE DEFAULT CELL_FLASH_CACHE DEFAULT)
  TABLESPACE "USERS" ;
--------------------------------------------------------
--  DDL for View YP_YONETICIGIRIS_V
--------------------------------------------------------

  CREATE OR REPLACE FORCE VIEW "DENIZ"."YP_YONETICIGIRIS_V" ("YONETICI_TC", "YONETICI_SIFRE") AS 
  SELECT 
    YONETICI_TC,YONETICI_SIFRE
FROM YP_YONETICI
;
REM INSERTING into DENIZ.YP_YONETICIGIRIS_V
SET DEFINE OFF;
Insert into DENIZ.YP_YONETICIGIRIS_V (YONETICI_TC,YONETICI_SIFRE) values ('11867530561','123');
Insert into DENIZ.YP_YONETICIGIRIS_V (YONETICI_TC,YONETICI_SIFRE) values ('11867530562','123');
REM INSERTING into DENIZ.YP_YURT
SET DEFINE OFF;
Insert into DENIZ.YP_YURT (YURT_ID,YURT_AD,YURT_TELEFON,YURT_EPOSTA,YURT_ADRES) values ('1','Baþkent Erkek Öðrenci Yurdu','2323242244','baskentogrenciyurdu@kyk.gov.tr','Ulus Rüzgarlý');
REM INSERTING into DENIZ.YP_YONETICI
SET DEFINE OFF;
Insert into DENIZ.YP_YONETICI (YONETICI_ID,YONETICI_TC,YONETICI_AD,YONETICI_SOYAD,YONETICI_DOGUM_TARIHI,YONETICI_CEPNO,YONETICI_SIFRE,YONETICI_YETKI,BIRIM_ID,YONETICI_ADRES) values ('101','11867530561','Atilla Þahin','Akdoðan',to_date('09/05/1997','DD/MM/RRRR'),'5546500091','123','0','21','Ankara Beypazarý');
Insert into DENIZ.YP_YONETICI (YONETICI_ID,YONETICI_TC,YONETICI_AD,YONETICI_SOYAD,YONETICI_DOGUM_TARIHI,YONETICI_CEPNO,YONETICI_SIFRE,YONETICI_YETKI,BIRIM_ID,YONETICI_ADRES) values ('22','11867530562','Denizcan','Demir',to_date('20/02/1995','DD/MM/RRRR'),'5556500091','123','1','23','Ýzmir Çiðli');
REM INSERTING into DENIZ.YP_UNIVERSITE
SET DEFINE OFF;
Insert into DENIZ.YP_UNIVERSITE (UNIVERSITE_ID,UNIVERSITE_AD) values ('1','Gazi Üniversitesi');
Insert into DENIZ.YP_UNIVERSITE (UNIVERSITE_ID,UNIVERSITE_AD) values ('2','Ankara Üniversitesi');
REM INSERTING into DENIZ.YP_OGRENCI_IZIN
SET DEFINE OFF;
Insert into DENIZ.YP_OGRENCI_IZIN (IZIN_ID,OGRENCI_ID,GIDIS_TARIH,DONUS_TARIH,IZIN_ADRESI,IZIN_DURUM) values ('97','162',to_date('17/05/2018','DD/MM/RRRR'),to_date('21/05/2018','DD/MM/RRRR'),'Mustafa Kemal mahallesi Zambak apt. no2 daire 6','1');
Insert into DENIZ.YP_OGRENCI_IZIN (IZIN_ID,OGRENCI_ID,GIDIS_TARIH,DONUS_TARIH,IZIN_ADRESI,IZIN_DURUM) values ('98','161',to_date('10/05/2018','DD/MM/RRRR'),to_date('15/05/2018','DD/MM/RRRR'),'Karaca mahallesi gül apartmaný daire 2
Tekirdað','1');
REM INSERTING into DENIZ.YP_OGRENCI
SET DEFINE OFF;
Insert into DENIZ.YP_OGRENCI (OGRENCI_ID,OGRENCI_TC,OGRENCI_AD,OGRENCI_SOYAD,OGRENCI_ADRES,OGRENCI_DOGUM_TARIHI,OGRENCI_CEPNO,OGRENCI_VELI_AD,OGRENCI_VELI_CEPNO,OGRENCI_SINIF,BOLUM_ID,KAYIT_DURUM) values ('162','11223344551','Ramazan','Uysal','Aydýn',to_date('02/05/1996','DD/MM/RRRR'),'56353232231','Ahmet','5454322412','3','1100','2');
Insert into DENIZ.YP_OGRENCI (OGRENCI_ID,OGRENCI_TC,OGRENCI_AD,OGRENCI_SOYAD,OGRENCI_ADRES,OGRENCI_DOGUM_TARIHI,OGRENCI_CEPNO,OGRENCI_VELI_AD,OGRENCI_VELI_CEPNO,OGRENCI_SINIF,BOLUM_ID,KAYIT_DURUM) values ('161','11223344550','Onurrrr','Ekkazan','Tekirdað',to_date('08/05/1996','DD/MM/RRRR'),'55343424131','Erden','5542313124','3','1100','2');
Insert into DENIZ.YP_OGRENCI (OGRENCI_ID,OGRENCI_TC,OGRENCI_AD,OGRENCI_SOYAD,OGRENCI_ADRES,OGRENCI_DOGUM_TARIHI,OGRENCI_CEPNO,OGRENCI_VELI_AD,OGRENCI_VELI_CEPNO,OGRENCI_SINIF,BOLUM_ID,KAYIT_DURUM) values ('163','11009090909','Emre','Gökçe','zambak sokak',to_date('03/05/1995','DD/MM/RRRR'),'34127312312','hasan','1231231231','3','1100','2');
Insert into DENIZ.YP_OGRENCI (OGRENCI_ID,OGRENCI_TC,OGRENCI_AD,OGRENCI_SOYAD,OGRENCI_ADRES,OGRENCI_DOGUM_TARIHI,OGRENCI_CEPNO,OGRENCI_VELI_AD,OGRENCI_VELI_CEPNO,OGRENCI_SINIF,BOLUM_ID,KAYIT_DURUM) values ('164','11111111111','Emre','Gökçe','asdasdasd',to_date('22/05/2018','DD/MM/RRRR'),'2343241231','asdas','12312312','0','1100','1');
REM INSERTING into DENIZ.YP_ODEME
SET DEFINE OFF;
REM INSERTING into DENIZ.YP_ODA_OZELLIK
SET DEFINE OFF;
Insert into DENIZ.YP_ODA_OZELLIK (ODA_ID,YATAK_SAYISI,BALKON_DURUMU,FIYAT_BILGISI,GENISLIK,ODA_KOD) values ('101','2','1','650','25','A01');
Insert into DENIZ.YP_ODA_OZELLIK (ODA_ID,YATAK_SAYISI,BALKON_DURUMU,FIYAT_BILGISI,GENISLIK,ODA_KOD) values ('103','4','1','500','25','A03');
Insert into DENIZ.YP_ODA_OZELLIK (ODA_ID,YATAK_SAYISI,BALKON_DURUMU,FIYAT_BILGISI,GENISLIK,ODA_KOD) values ('102','2','1','650','25','A02');
Insert into DENIZ.YP_ODA_OZELLIK (ODA_ID,YATAK_SAYISI,BALKON_DURUMU,FIYAT_BILGISI,GENISLIK,ODA_KOD) values ('104','1','0','500','25','A04');
REM INSERTING into DENIZ.YP_ODA_KAYIT
SET DEFINE OFF;
Insert into DENIZ.YP_ODA_KAYIT (KAYIT_ID,OGRENCI_ID,ODA_ID,GIRIS_TARIHI,CIKIS_TARIHI) values ('161','162','101',to_date('16/05/2018','DD/MM/RRRR'),to_date('16/05/2022','DD/MM/RRRR'));
Insert into DENIZ.YP_ODA_KAYIT (KAYIT_ID,OGRENCI_ID,ODA_ID,GIRIS_TARIHI,CIKIS_TARIHI) values ('162','161','101',to_date('16/05/2018','DD/MM/RRRR'),to_date('16/05/2022','DD/MM/RRRR'));
Insert into DENIZ.YP_ODA_KAYIT (KAYIT_ID,OGRENCI_ID,ODA_ID,GIRIS_TARIHI,CIKIS_TARIHI) values ('163','163','103',to_date('16/05/2018','DD/MM/RRRR'),to_date('16/05/2022','DD/MM/RRRR'));
REM INSERTING into DENIZ.YP_GIRIS
SET DEFINE OFF;
Insert into DENIZ.YP_GIRIS (GIRIS_ID,GIRIS_TARIH,YONETICI_ID) values ('85',to_timestamp('16/05/2018 11:42:42,649000000','DD/MM/RRRR HH24:MI:SSXFF'),'101');
Insert into DENIZ.YP_GIRIS (GIRIS_ID,GIRIS_TARIH,YONETICI_ID) values ('87',to_timestamp('16/05/2018 11:58:03,145000000','DD/MM/RRRR HH24:MI:SSXFF'),'22');
Insert into DENIZ.YP_GIRIS (GIRIS_ID,GIRIS_TARIH,YONETICI_ID) values ('88',to_timestamp('16/05/2018 12:00:12,171000000','DD/MM/RRRR HH24:MI:SSXFF'),'22');
Insert into DENIZ.YP_GIRIS (GIRIS_ID,GIRIS_TARIH,YONETICI_ID) values ('89',to_timestamp('16/05/2018 12:22:54,691000000','DD/MM/RRRR HH24:MI:SSXFF'),'22');
Insert into DENIZ.YP_GIRIS (GIRIS_ID,GIRIS_TARIH,YONETICI_ID) values ('91',to_timestamp('16/05/2018 14:39:38,775000000','DD/MM/RRRR HH24:MI:SSXFF'),'22');
Insert into DENIZ.YP_GIRIS (GIRIS_ID,GIRIS_TARIH,YONETICI_ID) values ('93',to_timestamp('16/05/2018 14:40:14,581000000','DD/MM/RRRR HH24:MI:SSXFF'),'22');
Insert into DENIZ.YP_GIRIS (GIRIS_ID,GIRIS_TARIH,YONETICI_ID) values ('86',to_timestamp('16/05/2018 11:42:50,088000000','DD/MM/RRRR HH24:MI:SSXFF'),'22');
Insert into DENIZ.YP_GIRIS (GIRIS_ID,GIRIS_TARIH,YONETICI_ID) values ('94',to_timestamp('16/05/2018 15:47:02,461000000','DD/MM/RRRR HH24:MI:SSXFF'),'22');
Insert into DENIZ.YP_GIRIS (GIRIS_ID,GIRIS_TARIH,YONETICI_ID) values ('95',to_timestamp('16/05/2018 15:49:24,744000000','DD/MM/RRRR HH24:MI:SSXFF'),'22');
Insert into DENIZ.YP_GIRIS (GIRIS_ID,GIRIS_TARIH,YONETICI_ID) values ('84',to_timestamp('16/05/2018 11:42:27,508000000','DD/MM/RRRR HH24:MI:SSXFF'),'22');
Insert into DENIZ.YP_GIRIS (GIRIS_ID,GIRIS_TARIH,YONETICI_ID) values ('90',to_timestamp('16/05/2018 14:39:06,922000000','DD/MM/RRRR HH24:MI:SSXFF'),'22');
Insert into DENIZ.YP_GIRIS (GIRIS_ID,GIRIS_TARIH,YONETICI_ID) values ('92',to_timestamp('16/05/2018 14:40:01,494000000','DD/MM/RRRR HH24:MI:SSXFF'),'101');
REM INSERTING into DENIZ.YP_BOLUM
SET DEFINE OFF;
Insert into DENIZ.YP_BOLUM (BOLUM_ID,FAKULTE_ID,BOLUM_AD,YIL_SAYISI) values ('1100','100','Bilgisayar Mühendisliði','4');
Insert into DENIZ.YP_BOLUM (BOLUM_ID,FAKULTE_ID,BOLUM_AD,YIL_SAYISI) values ('1101','100','Elektrik Elektronik Mühendisliði','4');
Insert into DENIZ.YP_BOLUM (BOLUM_ID,FAKULTE_ID,BOLUM_AD,YIL_SAYISI) values ('1102','100','Ýnþaat Mühendisliði','4');
REM INSERTING into DENIZ.YP_BIRIM
SET DEFINE OFF;
Insert into DENIZ.YP_BIRIM (BIRIM_ID,BIRIM_AD,BIRIM_MAAS) values ('21','Öðrenci Ýþleri','2250');
Insert into DENIZ.YP_BIRIM (BIRIM_ID,BIRIM_AD,BIRIM_MAAS) values ('22','Müdür Yardýmcýsý','2750');
Insert into DENIZ.YP_BIRIM (BIRIM_ID,BIRIM_AD,BIRIM_MAAS) values ('23','Müdür','3500');
REM INSERTING into DENIZ.YP_FAKULTE
SET DEFINE OFF;
Insert into DENIZ.YP_FAKULTE (FAKULTE_ID,UNIVERSITE_ID,FAKULTE_AD) values ('100','1','Teknoloji Fakültesi');
Insert into DENIZ.YP_FAKULTE (FAKULTE_ID,UNIVERSITE_ID,FAKULTE_AD) values ('101','1','Mühendislik Fakültesi');
--------------------------------------------------------
--  DDL for Index YP_YURT_PK
--------------------------------------------------------

  CREATE UNIQUE INDEX "DENIZ"."YP_YURT_PK" ON "DENIZ"."YP_YURT" ("YURT_ID") 
  PCTFREE 10 INITRANS 2 MAXTRANS 255 COMPUTE STATISTICS 
  STORAGE(INITIAL 65536 NEXT 1048576 MINEXTENTS 1 MAXEXTENTS 2147483645
  PCTINCREASE 0 FREELISTS 1 FREELIST GROUPS 1 BUFFER_POOL DEFAULT FLASH_CACHE DEFAULT CELL_FLASH_CACHE DEFAULT)
  TABLESPACE "USERS" ;
--------------------------------------------------------
--  DDL for Index YP_YONETICI_PK
--------------------------------------------------------

  CREATE UNIQUE INDEX "DENIZ"."YP_YONETICI_PK" ON "DENIZ"."YP_YONETICI" ("YONETICI_ID") 
  PCTFREE 10 INITRANS 2 MAXTRANS 255 COMPUTE STATISTICS 
  STORAGE(INITIAL 65536 NEXT 1048576 MINEXTENTS 1 MAXEXTENTS 2147483645
  PCTINCREASE 0 FREELISTS 1 FREELIST GROUPS 1 BUFFER_POOL DEFAULT FLASH_CACHE DEFAULT CELL_FLASH_CACHE DEFAULT)
  TABLESPACE "USERS" ;
--------------------------------------------------------
--  DDL for Index YP_UNIVERSITE_PK
--------------------------------------------------------

  CREATE UNIQUE INDEX "DENIZ"."YP_UNIVERSITE_PK" ON "DENIZ"."YP_UNIVERSITE" ("UNIVERSITE_ID") 
  PCTFREE 10 INITRANS 2 MAXTRANS 255 COMPUTE STATISTICS 
  STORAGE(INITIAL 65536 NEXT 1048576 MINEXTENTS 1 MAXEXTENTS 2147483645
  PCTINCREASE 0 FREELISTS 1 FREELIST GROUPS 1 BUFFER_POOL DEFAULT FLASH_CACHE DEFAULT CELL_FLASH_CACHE DEFAULT)
  TABLESPACE "USERS" ;
--------------------------------------------------------
--  DDL for Index TABLE1_PK
--------------------------------------------------------

  CREATE UNIQUE INDEX "DENIZ"."TABLE1_PK" ON "DENIZ"."YP_OGRENCI_IZIN" ("IZIN_ID") 
  PCTFREE 10 INITRANS 2 MAXTRANS 255 COMPUTE STATISTICS 
  STORAGE(INITIAL 65536 NEXT 1048576 MINEXTENTS 1 MAXEXTENTS 2147483645
  PCTINCREASE 0 FREELISTS 1 FREELIST GROUPS 1 BUFFER_POOL DEFAULT FLASH_CACHE DEFAULT CELL_FLASH_CACHE DEFAULT)
  TABLESPACE "USERS" ;
--------------------------------------------------------
--  DDL for Index YP_OGRENCI_PK
--------------------------------------------------------

  CREATE UNIQUE INDEX "DENIZ"."YP_OGRENCI_PK" ON "DENIZ"."YP_OGRENCI" ("OGRENCI_ID") 
  PCTFREE 10 INITRANS 2 MAXTRANS 255 COMPUTE STATISTICS 
  STORAGE(INITIAL 65536 NEXT 1048576 MINEXTENTS 1 MAXEXTENTS 2147483645
  PCTINCREASE 0 FREELISTS 1 FREELIST GROUPS 1 BUFFER_POOL DEFAULT FLASH_CACHE DEFAULT CELL_FLASH_CACHE DEFAULT)
  TABLESPACE "USERS" ;
--------------------------------------------------------
--  DDL for Index YP_ODEME_PK
--------------------------------------------------------

  CREATE UNIQUE INDEX "DENIZ"."YP_ODEME_PK" ON "DENIZ"."YP_ODEME" ("ODEME_ID") 
  PCTFREE 10 INITRANS 2 MAXTRANS 255 COMPUTE STATISTICS 
  STORAGE(INITIAL 65536 NEXT 1048576 MINEXTENTS 1 MAXEXTENTS 2147483645
  PCTINCREASE 0 FREELISTS 1 FREELIST GROUPS 1 BUFFER_POOL DEFAULT FLASH_CACHE DEFAULT CELL_FLASH_CACHE DEFAULT)
  TABLESPACE "USERS" ;
--------------------------------------------------------
--  DDL for Index YP_ODA_OZELLIK_PK
--------------------------------------------------------

  CREATE UNIQUE INDEX "DENIZ"."YP_ODA_OZELLIK_PK" ON "DENIZ"."YP_ODA_OZELLIK" ("ODA_ID") 
  PCTFREE 10 INITRANS 2 MAXTRANS 255 COMPUTE STATISTICS 
  STORAGE(INITIAL 65536 NEXT 1048576 MINEXTENTS 1 MAXEXTENTS 2147483645
  PCTINCREASE 0 FREELISTS 1 FREELIST GROUPS 1 BUFFER_POOL DEFAULT FLASH_CACHE DEFAULT CELL_FLASH_CACHE DEFAULT)
  TABLESPACE "USERS" ;
--------------------------------------------------------
--  DDL for Index YP_ODA_KAYIT_PK
--------------------------------------------------------

  CREATE UNIQUE INDEX "DENIZ"."YP_ODA_KAYIT_PK" ON "DENIZ"."YP_ODA_KAYIT" ("KAYIT_ID") 
  PCTFREE 10 INITRANS 2 MAXTRANS 255 COMPUTE STATISTICS 
  STORAGE(INITIAL 65536 NEXT 1048576 MINEXTENTS 1 MAXEXTENTS 2147483645
  PCTINCREASE 0 FREELISTS 1 FREELIST GROUPS 1 BUFFER_POOL DEFAULT FLASH_CACHE DEFAULT CELL_FLASH_CACHE DEFAULT)
  TABLESPACE "USERS" ;
--------------------------------------------------------
--  DDL for Index YP_GIRIS_PK
--------------------------------------------------------

  CREATE UNIQUE INDEX "DENIZ"."YP_GIRIS_PK" ON "DENIZ"."YP_GIRIS" ("GIRIS_ID") 
  PCTFREE 10 INITRANS 2 MAXTRANS 255 COMPUTE STATISTICS 
  STORAGE(INITIAL 65536 NEXT 1048576 MINEXTENTS 1 MAXEXTENTS 2147483645
  PCTINCREASE 0 FREELISTS 1 FREELIST GROUPS 1 BUFFER_POOL DEFAULT FLASH_CACHE DEFAULT CELL_FLASH_CACHE DEFAULT)
  TABLESPACE "USERS" ;
--------------------------------------------------------
--  DDL for Index YP_BOLUM_PK
--------------------------------------------------------

  CREATE UNIQUE INDEX "DENIZ"."YP_BOLUM_PK" ON "DENIZ"."YP_BOLUM" ("BOLUM_ID") 
  PCTFREE 10 INITRANS 2 MAXTRANS 255 COMPUTE STATISTICS 
  STORAGE(INITIAL 65536 NEXT 1048576 MINEXTENTS 1 MAXEXTENTS 2147483645
  PCTINCREASE 0 FREELISTS 1 FREELIST GROUPS 1 BUFFER_POOL DEFAULT FLASH_CACHE DEFAULT CELL_FLASH_CACHE DEFAULT)
  TABLESPACE "USERS" ;
--------------------------------------------------------
--  DDL for Index YP_BIRIM_PK
--------------------------------------------------------

  CREATE UNIQUE INDEX "DENIZ"."YP_BIRIM_PK" ON "DENIZ"."YP_BIRIM" ("BIRIM_ID") 
  PCTFREE 10 INITRANS 2 MAXTRANS 255 COMPUTE STATISTICS 
  STORAGE(INITIAL 65536 NEXT 1048576 MINEXTENTS 1 MAXEXTENTS 2147483645
  PCTINCREASE 0 FREELISTS 1 FREELIST GROUPS 1 BUFFER_POOL DEFAULT FLASH_CACHE DEFAULT CELL_FLASH_CACHE DEFAULT)
  TABLESPACE "USERS" ;
--------------------------------------------------------
--  DDL for Index YP_FAKULTE_PK
--------------------------------------------------------

  CREATE UNIQUE INDEX "DENIZ"."YP_FAKULTE_PK" ON "DENIZ"."YP_FAKULTE" ("FAKULTE_ID") 
  PCTFREE 10 INITRANS 2 MAXTRANS 255 COMPUTE STATISTICS 
  STORAGE(INITIAL 65536 NEXT 1048576 MINEXTENTS 1 MAXEXTENTS 2147483645
  PCTINCREASE 0 FREELISTS 1 FREELIST GROUPS 1 BUFFER_POOL DEFAULT FLASH_CACHE DEFAULT CELL_FLASH_CACHE DEFAULT)
  TABLESPACE "USERS" ;
--------------------------------------------------------
--  DDL for Trigger YP_YONETICI_TRG
--------------------------------------------------------

  CREATE OR REPLACE TRIGGER "DENIZ"."YP_YONETICI_TRG" 
BEFORE INSERT ON YP_YONETICI 
FOR EACH ROW 
BEGIN
  <<COLUMN_SEQUENCES>>
  BEGIN
    IF INSERTING AND :NEW.YONETICI_ID IS NULL THEN
      SELECT YP_YONETICI_SEQ3.NEXTVAL INTO :NEW.YONETICI_ID FROM SYS.DUAL;
    END IF;
  END COLUMN_SEQUENCES;
END;
/
ALTER TRIGGER "DENIZ"."YP_YONETICI_TRG" ENABLE;
--------------------------------------------------------
--  DDL for Trigger YP_OGRENCI_IZIN_TRG
--------------------------------------------------------

  CREATE OR REPLACE TRIGGER "DENIZ"."YP_OGRENCI_IZIN_TRG" 
BEFORE INSERT ON YP_OGRENCI_IZIN 
FOR EACH ROW 
BEGIN
  <<COLUMN_SEQUENCES>>
  BEGIN
    IF INSERTING AND :NEW.IZIN_ID IS NULL THEN
      SELECT YP_OGRENCI_IZIN_SEQ1.NEXTVAL INTO :NEW.IZIN_ID FROM SYS.DUAL;
    END IF;
  END COLUMN_SEQUENCES;
END;
/
ALTER TRIGGER "DENIZ"."YP_OGRENCI_IZIN_TRG" ENABLE;
--------------------------------------------------------
--  DDL for Trigger YP_IZINKONTROL_TRG
--------------------------------------------------------

  CREATE OR REPLACE TRIGGER "DENIZ"."YP_IZINKONTROL_TRG" 
BEFORE INSERT ON YP_OGRENCI_IZIN 
FOR EACH ROW
DECLARE
izinKontrol NUMBER;
BEGIN
  SELECT count(*) INTO izinKontrol FROM YP_OGRENCI_IZIN  WHERE OGRENCI_ID=:NEW.OGRENCI_ID AND ROWNUM=1 AND TRUNC(DONUS_TARIH) > TRUNC(CURRENT_DATE) ORDER BY IZIN_ID DESC ;
  
    IF izinKontrol>0 THEN
     RAISE_APPLICATION_ERROR(-20334, 'Bu ogrenci suan izinli gorunmektedir.');
    END IF;
  
END;
/
ALTER TRIGGER "DENIZ"."YP_IZINKONTROL_TRG" ENABLE;
--------------------------------------------------------
--  DDL for Trigger YP_OGRENCI_TRG
--------------------------------------------------------

  CREATE OR REPLACE TRIGGER "DENIZ"."YP_OGRENCI_TRG" 
BEFORE INSERT ON YP_OGRENCI 
FOR EACH ROW 
BEGIN
  <<COLUMN_SEQUENCES>>
  BEGIN
    IF INSERTING AND :NEW.OGRENCI_ID IS NULL THEN
      SELECT YP_OGRENCI_SEQ1.NEXTVAL INTO :NEW.OGRENCI_ID FROM SYS.DUAL;
    END IF;
  END COLUMN_SEQUENCES;
END;
/
ALTER TRIGGER "DENIZ"."YP_OGRENCI_TRG" ENABLE;
--------------------------------------------------------
--  DDL for Trigger YP_ODEME_TRG
--------------------------------------------------------

  CREATE OR REPLACE TRIGGER "DENIZ"."YP_ODEME_TRG" 
BEFORE INSERT ON YP_ODEME 
FOR EACH ROW 
BEGIN
  <<COLUMN_SEQUENCES>>
  BEGIN
    IF INSERTING AND :NEW.ODEME_ID IS NULL THEN
      SELECT YP_ODEME_SEQ.NEXTVAL INTO :NEW.ODEME_ID FROM SYS.DUAL;
    END IF;
  END COLUMN_SEQUENCES;
END;
/
ALTER TRIGGER "DENIZ"."YP_ODEME_TRG" ENABLE;
--------------------------------------------------------
--  DDL for Trigger YP_ODA_OZELLIK_TRG
--------------------------------------------------------

  CREATE OR REPLACE TRIGGER "DENIZ"."YP_ODA_OZELLIK_TRG" 
BEFORE INSERT ON YP_ODA_OZELLIK 
FOR EACH ROW 
BEGIN
  <<COLUMN_SEQUENCES>>
  BEGIN
    IF INSERTING AND :NEW.ODA_ID IS NULL THEN
      SELECT YP_ODA_OZELLIK_SEQ4.NEXTVAL INTO :NEW.ODA_ID FROM SYS.DUAL;
    END IF;
  END COLUMN_SEQUENCES;
END;
/
ALTER TRIGGER "DENIZ"."YP_ODA_OZELLIK_TRG" ENABLE;
--------------------------------------------------------
--  DDL for Trigger YP_ODA_KAYIT_TRG
--------------------------------------------------------

  CREATE OR REPLACE TRIGGER "DENIZ"."YP_ODA_KAYIT_TRG" 
BEFORE INSERT ON YP_ODA_KAYIT 
FOR EACH ROW 
BEGIN
  <<COLUMN_SEQUENCES>>
  BEGIN
    IF INSERTING AND :NEW.KAYIT_ID IS NULL THEN
      SELECT YP_ODA_KAYIT_SEQ3.NEXTVAL INTO :NEW.KAYIT_ID FROM SYS.DUAL;
    END IF;
  END COLUMN_SEQUENCES;
END;
/
ALTER TRIGGER "DENIZ"."YP_ODA_KAYIT_TRG" ENABLE;
--------------------------------------------------------
--  DDL for Trigger YP_GIRIS_TRG
--------------------------------------------------------

  CREATE OR REPLACE TRIGGER "DENIZ"."YP_GIRIS_TRG" 
BEFORE INSERT ON YP_GIRIS 
FOR EACH ROW 
BEGIN
  <<COLUMN_SEQUENCES>>
  BEGIN
    IF INSERTING AND :NEW.GIRIS_ID IS NULL THEN
      SELECT YP_GIRIS_SEQ.NEXTVAL INTO :NEW.GIRIS_ID FROM SYS.DUAL;
    END IF;
  END COLUMN_SEQUENCES;
END;
/
ALTER TRIGGER "DENIZ"."YP_GIRIS_TRG" ENABLE;
--------------------------------------------------------
--  DDL for Trigger YP_BIRIM_TRG
--------------------------------------------------------

  CREATE OR REPLACE TRIGGER "DENIZ"."YP_BIRIM_TRG" 
BEFORE INSERT ON YP_BIRIM 
FOR EACH ROW 
BEGIN
  <<COLUMN_SEQUENCES>>
  BEGIN
    IF INSERTING AND :NEW.BIRIM_ID IS NULL THEN
      SELECT YP_BIRIM_SEQ.NEXTVAL INTO :NEW.BIRIM_ID FROM SYS.DUAL;
    END IF;
  END COLUMN_SEQUENCES;
END;
/
ALTER TRIGGER "DENIZ"."YP_BIRIM_TRG" ENABLE;
--------------------------------------------------------
--  DDL for Procedure BEKLEYENOGRENCI
--------------------------------------------------------
set define off;

  CREATE OR REPLACE PROCEDURE "DENIZ"."BEKLEYENOGRENCI" (
bekleyenOgrenciListeCursor OUT SYS_REFCURSOR
) AS 
BEGIN
  
  Open bekleyenOgrenciListeCursor for Select * from YP_OGRENCI o where o.KAYIT_DURUM =1;
  -- KAYIT DURUM =1 ise Öðrenci Oda kaydý için bekliyor.
  
END BEKLEYENOGRENCI;

/
--------------------------------------------------------
--  DDL for Procedure BIRIMCEK
--------------------------------------------------------
set define off;

  CREATE OR REPLACE PROCEDURE "DENIZ"."BIRIMCEK" (
BirimCursor OUT SYS_REFCURSOR
) AS 
BEGIN

  Open BirimCursor FOR Select * from YP_BIRIM;
  
END BIRIMCEK;

/
--------------------------------------------------------
--  DDL for Procedure BOSODALISTELE
--------------------------------------------------------
set define off;

  CREATE OR REPLACE PROCEDURE "DENIZ"."BOSODALISTELE" (
odaListeCursor OUT SYS_REFCURSOR
) AS 
BEGIN
 open odaListeCursor for 
     SELECT 
        ODA_ID,
        ODA_KOD, 
        GENISLIK,
        FIYAT_BILGISI,
        YATAK_SAYISI, 
        BALKON_DURUMU,
        YATAK_SAYISI-(SELECT count(*) FROM YP_ODA_KAYIT k INNER JOIN YP_OGRENCI ogr ON ogr.OGRENCI_ID=k.OGRENCI_ID  WHERE  k.CIKIS_TARIHI>CURRENT_DATE and k.ODA_ID=o.ODA_ID and ogr.KAYIT_DURUM=2) as KONTENJAN 
        from YP_ODA_OZELLIK o 
        where YATAK_SAYISI > (SELECT count(*) FROM YP_ODA_KAYIT k INNER JOIN YP_OGRENCI ogr ON ogr.OGRENCI_ID=k.OGRENCI_ID  WHERE  k.CIKIS_TARIHI>CURRENT_DATE and k.ODA_ID=o.ODA_ID and ogr.KAYIT_DURUM=2);
 

 
END BOSODALISTELE;

/
--------------------------------------------------------
--  DDL for Procedure IZINDENDONENOGRENCI
--------------------------------------------------------
set define off;

  CREATE OR REPLACE PROCEDURE "DENIZ"."IZINDENDONENOGRENCI" (
ogrenciId IN NUMBER
) AS 
BEGIN
  UPDATE YP_OGRENCI_IZIN SET DONUS_TARIH=CURRENT_DATE , IZIN_DURUM=0 WHERE OGRENCI_ID=ogrenciId;
  
END IZINDENDONENOGRENCI;

/
--------------------------------------------------------
--  DDL for Procedure IZINDEOLANOGRENCI
--------------------------------------------------------
set define off;

  CREATE OR REPLACE PROCEDURE "DENIZ"."IZINDEOLANOGRENCI" (
ogrenciCursor OUT SYS_REFCURSOR
) AS 
BEGIN
 Open ogrenciCursor FOR SELECT * FROM YP_OGRENCI_IZIN o INNER JOIN YP_OGRENCI ogr ON o.OGRENCI_ID=ogr.OGRENCI_ID 
  WHERE 
  o.DONUS_TARIH<CURRENT_DATE AND IZIN_DURUM=1 or  o.DONUS_TARIH>CURRENT_DATE  AND IZIN_DURUM=1;
END IZINDEOLANOGRENCI;

/
--------------------------------------------------------
--  DDL for Procedure IZINEKLE
--------------------------------------------------------
set define off;

  CREATE OR REPLACE PROCEDURE "DENIZ"."IZINEKLE" (
ogrenciId IN NUMBER,
gidisTarih IN DATE,
donusTarih IN DATE,
izinAdres IN VARCHAR2,
sorguSonuc OUT NUMBER
)AS
BEGIN 
    
    IF gidisTarih >= CURRENT_DATE AND donusTarih >CURRENT_DATE  AND gidisTarih<donusTarih  THEN

     INSERT INTO YP_OGRENCI_IZIN (
     OGRENCI_ID,
     GIDIS_TARIH,
     DONUS_TARIH,
     IZIN_ADRESI,
     IZIN_DURUM) 
     VALUES  (ogrenciId,gidisTarih,donusTarih,izinAdres,1);
     sorguSonuc:=1;
     ELSE
     sorguSonuc:=0;
     END IF;
     
END IZINEKLE;

/
--------------------------------------------------------
--  DDL for Procedure IZNIGECENOGRENCI
--------------------------------------------------------
set define off;

  CREATE OR REPLACE PROCEDURE "DENIZ"."IZNIGECENOGRENCI" (
ogrenciCursor OUT SYS_REFCURSOR
)AS 
BEGIN
  Open ogrenciCursor FOR SELECT * FROM YP_OGRENCI_IZIN o INNER JOIN YP_OGRENCI ogr ON o.OGRENCI_ID=ogr.OGRENCI_ID 
  WHERE o.DONUS_TARIH<CURRENT_DATE AND IZIN_DURUM=1;
END IZNIGECENOGRENCI;

/
--------------------------------------------------------
--  DDL for Procedure ODAGUNCELLE
--------------------------------------------------------
set define off;

  CREATE OR REPLACE PROCEDURE "DENIZ"."ODAGUNCELLE" (
odaId IN NUMBER,
odaKod IN VARCHAR,
balkonDurum IN NUMBER,
fiyatBilgisi IN NUMBER,
genislik IN NUMBER,
yatakSayisi IN NUMBER
) IS odaMevcutKontenjan NUMBER;
BEGIN

 SELECT count(*) INTO odaMevcutKontenjan FROM YP_ODA_KAYIT WHERE CIKIS_TARIHI>CURRENT_DATE AND ODA_ID=odaId;
 
 IF odaMevcutKontenjan<=yatakSayisi THEN
 
  UPDATE YP_ODA_OZELLIK  SET   
    ODA_KOD=odaKod, 
    BALKON_DURUMU=balkonDurum,
    FIYAT_BILGISI=fiyatBilgisi, 
    GENISLIK=genislik,
    YATAK_SAYISI=yatakSayisi  WHERE ODA_ID=odaId;
  
  ELSE
  RAISE_APPLICATION_ERROR(-20333, 'odadaki ogrenci sayisi guncellenen yatak sayýsýndan fazla');
  END IF;

 

  
END ODAGUNCELLE;

/
--------------------------------------------------------
--  DDL for Procedure ODAKAYIT
--------------------------------------------------------
set define off;

  CREATE OR REPLACE PROCEDURE "DENIZ"."ODAKAYIT" (
odaKOD IN VARCHAR2,
odaYatakSayisi IN NUMBER,
odaBalkonDurumu IN NUMBER,
odaFiyatBilgisi IN NUMBER,
odaGenislik IN NUMBER,
-- ODA KOD KONTROL SONUCU
sorguSonuc OUT NUMBER
) IS
odaKontrol NUMBER;
BEGIN

    SELECT count(*) INTO odaKontrol FROM YP_ODA_OZELLIK WHERE ODA_KOD=odaKOD;
 
    IF odaKontrol=0 THEN
    
       INSERT INTO YP_ODA_OZELLIK (
       ODA_KOD,
       YATAK_SAYISI,
       BALKON_DURUMU,
       FIYAT_BILGISI,
       GENISLIK) VALUES
       (odaKOD,odaYatakSayisi,odaBalkonDurumu,odaFiyatBilgisi,odaGenislik);
   
   sorguSonuc:=1;
   ELSE
   sorguSonuc:=0;
   
   END IF;
   
   
END ODAKAYIT;

/
--------------------------------------------------------
--  DDL for Procedure ODALISTELE
--------------------------------------------------------
set define off;

  CREATE OR REPLACE PROCEDURE "DENIZ"."ODALISTELE" (
odaListeCursor OUT SYS_REFCURSOR,
arananOda IN VARCHAR2
)AS 
BEGIN 
Open odaListeCursor for Select 
ODA_ID,
ODA_KOD,
GENISLIK,
FIYAT_BILGISI,
YATAK_SAYISI,
BALKON_DURUMU,
YATAK_SAYISI-
(SELECT count(*) FROM YP_ODA_KAYIT k INNER JOIN YP_OGRENCI ogr ON ogr.OGRENCI_ID=k.OGRENCI_ID  WHERE  k.CIKIS_TARIHI>CURRENT_DATE and k.ODA_ID=o.ODA_ID and ogr.KAYIT_DURUM=2) as KONTENJAN 
from YP_ODA_OZELLIK o where ODA_KOD LIKE '%'||arananOda||'%';
    
  
--ODA LISTESINI ESKI KULLANICILARI LISTEDEN CIKARTIP GUNCEL TARIHE GORE KONTENJANLA BIRLIKTE LISTELER
              
END ODALISTELE;

/
--------------------------------------------------------
--  DDL for Procedure ODEMEYAP
--------------------------------------------------------
set define off;

  CREATE OR REPLACE PROCEDURE "DENIZ"."ODEMEYAP" (
yoneticiId IN NUMBER,
ogrenciId IN NUMBER
) AS
BEGIN
 
      INSERT INTO YP_ODEME(ODEME_TARIH,OGRENCI_ID,YONETICI_ID)
      VALUES (CURRENT_DATE,ogrenciId,yoneticiId);
 
  
  
END ODEMEYAP;

/
--------------------------------------------------------
--  DDL for Procedure OGRENCIARAMA
--------------------------------------------------------
set define off;

  CREATE OR REPLACE PROCEDURE "DENIZ"."OGRENCIARAMA" ( 
inputDeger IN VARCHAR2, 
odaListeCursor OUT SYS_REFCURSOR
)
AS 
BEGIN 
Open odaListeCursor for 
Select  * from YP_OGRENCI o 
INNER JOIN YP_ODA_KAYIT k on k.OGRENCI_ID=o.OGRENCI_ID 
INNER JOIN YP_BOLUM b on b.BOLUM_ID=o.BOLUM_ID 
INNER JOIN YP_FAKULTE f on f.FAKULTE_ID=b.FAKULTE_ID
INNER JOIN YP_UNIVERSITE u on u.UNIVERSITE_ID=f.UNIVERSITE_ID
WHERE o.KAYIT_DURUM=2  AND (lower (OGRENCI_AD) LIKE '%'||inputDeger||'%' OR lower (OGRENCI_SOYAD) LIKE '%'||inputDeger||'%');
  
   
END OGRENCIARAMA;

/
--------------------------------------------------------
--  DDL for Procedure OGRENCICEK
--------------------------------------------------------
set define off;

  CREATE OR REPLACE PROCEDURE "DENIZ"."OGRENCICEK" (
ogrenciId IN NUMBER,
ogrenciCursor OUT SYS_REFCURSOR
) AS 
BEGIN
 
Open ogrenciCursor for 
SELECT * FROM YP_OGRENCI o 
    INNER JOIN YP_ODA_KAYIT k 
        ON o.OGRENCI_ID=k.OGRENCI_ID 
    INNER JOIN YP_ODA_OZELLIK oz 
        ON oz.ODA_ID=k.ODA_ID 
    where o.OGRENCI_ID=ogrenciId  ;
 
   
END OGRENCICEK;

/
--------------------------------------------------------
--  DDL for Procedure OGRENCIEKLE
--------------------------------------------------------
set define off;

  CREATE OR REPLACE PROCEDURE "DENIZ"."OGRENCIEKLE" (
ogrTC IN YP_OGRENCI.OGRENCI_TC%TYPE,
ogrAD IN YP_OGRENCI.OGRENCI_AD%TYPE,
ogrSOYAD IN YP_OGRENCI.OGRENCI_SOYAD%TYPE,
ogrADRES IN YP_OGRENCI.OGRENCI_ADRES%TYPE,
ogrDOGUMTARIHI IN YP_OGRENCI.OGRENCI_DOGUM_TARIHI%TYPE,
ogrCEPNO IN YP_OGRENCI.OGRENCI_CEPNO%TYPE,
ogrVELIAD IN YP_OGRENCI.OGRENCI_VELI_AD%TYPE,
ogrVELICEPNO IN YP_OGRENCI.OGRENCI_VELI_CEPNO%TYPE,
ogrSINIF IN YP_OGRENCI.OGRENCI_SINIF%TYPE,
ogrBOLUMID IN YP_OGRENCI.BOLUM_ID%TYPE,
-- TC KONTROL SONUCU
sorguSonuc OUT NUMBER
) IS
ogrKontrol Number;
BEGIN
 
 Select Count(*) INTO ogrKontrol from YP_OGRENCI where  OGRENCI_TC=ogrTC;
 
 IF ogrKontrol=0 THEN
 
    INSERT INTO YP_OGRENCI (
    OGRENCI_TC,
    OGRENCI_AD,
    OGRENCI_SOYAD,
    OGRENCI_ADRES,
    OGRENCI_DOGUM_TARIHI,
    OGRENCI_CEPNO,
    OGRENCI_VELI_AD,
    OGRENCI_VELI_CEPNO,
    OGRENCI_SINIF,
    BOLUM_ID,
    KAYIT_DURUM) VALUES
    (ogrTC,ogrAD,ogrSOYAD,ogrADRES,ogrDOGUMTARIHI,ogrCEPNO,ogrVELIAD,ogrVELICEPNO,ogrSINIF,ogrBOLUMID,1) ;
    
    sorguSonuc:=1;
 ELSE
    sorguSonuc:=0;
 END IF;

END OGRENCIEKLE;

/
--------------------------------------------------------
--  DDL for Procedure OGRENCIGUNCELLE
--------------------------------------------------------
set define off;

  CREATE OR REPLACE PROCEDURE "DENIZ"."OGRENCIGUNCELLE" (
ogrID IN YP_OGRENCI.OGRENCI_ID%TYPE,
ogrTC IN YP_OGRENCI.OGRENCI_TC%TYPE,
ogrAD IN YP_OGRENCI.OGRENCI_AD%TYPE,
ogrSOYAD IN YP_OGRENCI.OGRENCI_SOYAD%TYPE,
ogrADRES IN YP_OGRENCI.OGRENCI_ADRES%TYPE,
ogrDOGUMTARIHI IN YP_OGRENCI.OGRENCI_DOGUM_TARIHI%TYPE,
ogrCEPNO IN YP_OGRENCI.OGRENCI_CEPNO%TYPE,
ogrVELIAD IN YP_OGRENCI.OGRENCI_VELI_AD%TYPE,
ogrVELICEPNO IN YP_OGRENCI.OGRENCI_VELI_CEPNO%TYPE,
ogrSINIF IN YP_OGRENCI.OGRENCI_SINIF%TYPE,
ogrBOLUMID IN YP_OGRENCI.BOLUM_ID%TYPE,
ogrKAYITDURUM IN YP_OGRENCI.KAYIT_DURUM%TYPE,
ogrODANO IN YP_ODA_KAYIT.ODA_ID%TYPE
)
AS   
BEGIN
  
 UPDATE YP_OGRENCI SET 
 OGRENCI_AD=ogrAD , 
 OGRENCI_SOYAD=ogrSOYAD ,
 OGRENCI_TC=ogrTC,
 OGRENCI_ADRES=ogrADRES,
 OGRENCI_DOGUM_TARIHI=ogrDOGUMTARIHI,
 OGRENCI_CEPNO=ogrCEPNO,
 OGRENCI_VELI_AD=ogrVELIAD,
 OGRENCI_VELI_CEPNO=ogrVELICEPNO,
 OGRENCI_SINIF=ogrSINIF,
 BOLUM_ID=ogrBOLUMID,
 KAYIT_DURUM=ogrKAYITDURUM WHERE OGRENCI_ID=ogrID;
 
  
  
  
END OGRENCIGUNCELLE;

/
--------------------------------------------------------
--  DDL for Procedure OGRENCIODAKAYIT
--------------------------------------------------------
set define off;

  CREATE OR REPLACE PROCEDURE "DENIZ"."OGRENCIODAKAYIT" (
odaNo IN  Integer,
ogrenciNo IN Integer
) AS 
BEGIN
INSERT INTO YP_ODA_KAYIT (OGRENCI_ID,ODA_ID,GIRIS_TARIHI,CIKIS_TARIHI  ) 
VALUES (ogrenciNo,odaNo,CURRENT_DATE,add_months( CURRENT_DATE, 48 )) ;

  
UPDATE YP_OGRENCI o SET KAYIT_DURUM=2 WHERE o.OGRENCI_ID=ogrenciNo;

END OGRENCIODAKAYIT;

/
--------------------------------------------------------
--  DDL for Procedure OGRENCISIL
--------------------------------------------------------
set define off;

  CREATE OR REPLACE PROCEDURE "DENIZ"."OGRENCISIL" (
ogrenciId IN NUMBER
) AS 
BEGIN
  UPDATE YP_OGRENCI SET KAYIT_DURUM=0 WHERE OGRENCI_ID=ogrenciId;
END OGRENCISIL;

/
--------------------------------------------------------
--  DDL for Procedure SIFREGUNCELLE
--------------------------------------------------------
set define off;

  CREATE OR REPLACE PROCEDURE "DENIZ"."SIFREGUNCELLE" (
yoneticiTc IN NUMBER,
yoneticiSifre IN VARCHAR2
) AS 
BEGIN
 UPDATE YP_YONETICI SET YONETICI_SIFRE=yoneticiSifre WHERE YONETICI_TC=yoneticiTc;
END SIFREGUNCELLE;

/
--------------------------------------------------------
--  DDL for Procedure YONETICIARAMA
--------------------------------------------------------
set define off;

  CREATE OR REPLACE PROCEDURE "DENIZ"."YONETICIARAMA" (
inputDeger IN VARCHAR2,
yoneticiCursor OUT SYS_REFCURSOR
) AS 
BEGIN
  Open yoneticiCursor FOR SELECT * FROM YP_YONETICI y INNER JOIN YP_BIRIM b on b.BIRIM_ID=y.BIRIM_ID
  WHERE y.YONETICI_AD 
  LIKE '%'||inputDeger||'%' or lower (YONETICI_SOYAD) LIKE '%'||inputDeger||'%';
END YONETICIARAMA;

/
--------------------------------------------------------
--  DDL for Procedure YONETICICEK
--------------------------------------------------------
set define off;

  CREATE OR REPLACE PROCEDURE "DENIZ"."YONETICICEK" (
yoneticiTC IN NUMBER,
yoneticiCursor OUT SYS_REFCURSOR
) AS 
BEGIN
Open yoneticiCursor FOR  SELECT * FROM YP_YONETICI y INNER JOIN YP_BIRIM b ON b.BIRIM_ID=y.BIRIM_ID WHERE YONETICI_TC=yoneticiTC;
END YONETICICEK;

/
--------------------------------------------------------
--  DDL for Procedure YONETICIEKLE
--------------------------------------------------------
set define off;

  CREATE OR REPLACE PROCEDURE "DENIZ"."YONETICIEKLE" (
yoneticiTC IN NUMBER,
yoneticiAD IN VARCHAR2,
yoneticiSOYAD IN VARCHAR2,
yoneticiADRES IN VARCHAR2,
yoneticiDOGUMTARIHI IN DATE,
yoneticiCEPNO IN NUMBER,
yoneticiSIFRE IN VARCHAR2,
yoneticiYETKI IN NUMBER,
yoneticiBIRIM IN NUMBER,
-- TC KONTROL SONUCU
sorguSonuc OUT NUMBER
) IS
yoneticiKontrol Number;
BEGIN
    
   Select Count(*) INTO yoneticiKontrol FROM YP_YONETICI WHERE YONETICI_TC=yoneticiTC;
    
    IF yoneticiKontrol =0 THEN

      INSERT INTO YP_YONETICI 
      (YONETICI_TC,
      YONETICI_AD,
      YONETICI_SOYAD,
      YONETICI_ADRES,
      YONETICI_DOGUM_TARIHI,
      YONETICI_CEPNO,
      YONETICI_SIFRE,
      YONETICI_YETKI,
      BIRIM_ID) VALUES
     (yoneticiTC,yoneticiAD,yoneticiSOYAD,yoneticiADRES,yoneticiDOGUMTARIHI,yoneticiCEPNO,yoneticiSIFRE,yoneticiYETKI,yoneticiBIRIM);
      
      sorguSonuc:=1;
    ELSE
      sorguSonuc:=0;
    END IF;
END YONETICIEKLE;

/
--------------------------------------------------------
--  DDL for Procedure YONETICIGIRIS
--------------------------------------------------------
set define off;

  CREATE OR REPLACE PROCEDURE "DENIZ"."YONETICIGIRIS" (
yoneticiTc IN NUMBER,
yoneticiSifre IN VARCHAR2,
yoneticiDogrulama OUT NUMBER

)IS
cursorElemanSayisi NUMBER;
BEGIN

 
Select count(*) INTO cursorElemanSayisi FROM YP_YONETICIGIRIS_V WHERE 
YONETICI_TC=yoneticiTc AND YONETICI_SIFRE=yoneticiSifre;



--Giriþ yapýlamaya çalýþan yönetici hesabý yoksa LOG Tutmayacak
IF cursorElemanSayisi>0 THEN
yoneticiDogrulama:=1;
INSERT INTO YP_GIRIS(GIRIS_TARIH,YONETICI_ID) VALUES (
CURRENT_TIMESTAMP,
(SELECT YONETICI_ID FROM YP_YONETICI WHERE YONETICI_TC=yoneticiTc)); 

ELSE
yoneticiDogrulama:=0;
END IF;

END YONETICIGIRIS;

/
--------------------------------------------------------
--  DDL for Procedure YONETICIGIRISLOGCEK
--------------------------------------------------------
set define off;

  CREATE OR REPLACE PROCEDURE "DENIZ"."YONETICIGIRISLOGCEK" (
girisLogCursor OUT SYS_REFCURSOR
) AS 
BEGIN
  Open girisLogCursor FOR SELECT * FROM YP_GIRIS g INNER JOIN YP_YONETICI y ON y.YONETICI_ID=g.YONETICI_ID WHERE ROWNUM <= 5;
END YONETICIGIRISLOGCEK;

/
--------------------------------------------------------
--  DDL for Procedure YONETICIGUNCELLE
--------------------------------------------------------
set define off;

  CREATE OR REPLACE PROCEDURE "DENIZ"."YONETICIGUNCELLE" (
yoneticiTC IN NUMBER,
yoneticiAD IN VARCHAR2,
yoneticiSOYAD IN VARCHAR2,
yoneticiADRES IN VARCHAR2,
yoneticiDOGUMTARIHI IN DATE,
yoneticiCEPNO IN NUMBER,
yoneticiSIFRE IN VARCHAR2,
yoneticiYETKI IN NUMBER,
yoneticiBIRIM IN NUMBER,
yoneticiID IN NUMBER
) AS 
BEGIN
  UPDATE YP_YONETICI SET
 YONETICI_TC=yoneticiTC,
 YONETICI_AD=yoneticiAD,
 YONETICI_SOYAD=yoneticiSOYAD,
 YONETICI_ADRES=yoneticiADRES,
 YONETICI_DOGUM_TARIHI=yoneticiDOGUMTARIHI,
 YONETICI_CEPNO=yoneticiCEPNO,
 YONETICI_SIFRE=yoneticiSIFRE,
 YONETICI_YETKI=yoneticiYETKI,
 BIRIM_ID=yoneticiBIRIM
 WHERE YONETICI_ID =yoneticiID; 
END YONETICIGUNCELLE;

/
--------------------------------------------------------
--  DDL for Procedure YURTCEK
--------------------------------------------------------
set define off;

  CREATE OR REPLACE PROCEDURE "DENIZ"."YURTCEK" (
yurtCursor OUT SYS_REFCURSOR
) AS 
BEGIN
Open yurtCursor for Select * from YP_YURT;
END YURTCEK;

/
--------------------------------------------------------
--  Constraints for Table YP_YURT
--------------------------------------------------------

  ALTER TABLE "DENIZ"."YP_YURT" ADD CONSTRAINT "YP_YURT_PK" PRIMARY KEY ("YURT_ID")
  USING INDEX PCTFREE 10 INITRANS 2 MAXTRANS 255 COMPUTE STATISTICS 
  STORAGE(INITIAL 65536 NEXT 1048576 MINEXTENTS 1 MAXEXTENTS 2147483645
  PCTINCREASE 0 FREELISTS 1 FREELIST GROUPS 1 BUFFER_POOL DEFAULT FLASH_CACHE DEFAULT CELL_FLASH_CACHE DEFAULT)
  TABLESPACE "USERS"  ENABLE;
  ALTER TABLE "DENIZ"."YP_YURT" MODIFY ("YURT_ADRES" NOT NULL ENABLE);
  ALTER TABLE "DENIZ"."YP_YURT" MODIFY ("YURT_EPOSTA" NOT NULL ENABLE);
  ALTER TABLE "DENIZ"."YP_YURT" MODIFY ("YURT_TELEFON" NOT NULL ENABLE);
  ALTER TABLE "DENIZ"."YP_YURT" MODIFY ("YURT_AD" NOT NULL ENABLE);
  ALTER TABLE "DENIZ"."YP_YURT" MODIFY ("YURT_ID" NOT NULL ENABLE);
--------------------------------------------------------
--  Constraints for Table YP_YONETICI
--------------------------------------------------------

  ALTER TABLE "DENIZ"."YP_YONETICI" MODIFY ("YONETICI_ADRES" NOT NULL ENABLE);
  ALTER TABLE "DENIZ"."YP_YONETICI" MODIFY ("BIRIM_ID" NOT NULL ENABLE);
  ALTER TABLE "DENIZ"."YP_YONETICI" MODIFY ("YONETICI_YETKI" NOT NULL ENABLE);
  ALTER TABLE "DENIZ"."YP_YONETICI" MODIFY ("YONETICI_SIFRE" NOT NULL ENABLE);
  ALTER TABLE "DENIZ"."YP_YONETICI" MODIFY ("YONETICI_CEPNO" NOT NULL ENABLE);
  ALTER TABLE "DENIZ"."YP_YONETICI" MODIFY ("YONETICI_DOGUM_TARIHI" NOT NULL ENABLE);
  ALTER TABLE "DENIZ"."YP_YONETICI" MODIFY ("YONETICI_SOYAD" NOT NULL ENABLE);
  ALTER TABLE "DENIZ"."YP_YONETICI" MODIFY ("YONETICI_AD" NOT NULL ENABLE);
  ALTER TABLE "DENIZ"."YP_YONETICI" MODIFY ("YONETICI_TC" NOT NULL ENABLE);
  ALTER TABLE "DENIZ"."YP_YONETICI" ADD CONSTRAINT "YP_YONETICI_PK" PRIMARY KEY ("YONETICI_ID")
  USING INDEX PCTFREE 10 INITRANS 2 MAXTRANS 255 COMPUTE STATISTICS 
  STORAGE(INITIAL 65536 NEXT 1048576 MINEXTENTS 1 MAXEXTENTS 2147483645
  PCTINCREASE 0 FREELISTS 1 FREELIST GROUPS 1 BUFFER_POOL DEFAULT FLASH_CACHE DEFAULT CELL_FLASH_CACHE DEFAULT)
  TABLESPACE "USERS"  ENABLE;
  ALTER TABLE "DENIZ"."YP_YONETICI" MODIFY ("YONETICI_ID" NOT NULL ENABLE);
--------------------------------------------------------
--  Constraints for Table YP_UNIVERSITE
--------------------------------------------------------

  ALTER TABLE "DENIZ"."YP_UNIVERSITE" ADD CONSTRAINT "YP_UNIVERSITE_PK" PRIMARY KEY ("UNIVERSITE_ID")
  USING INDEX PCTFREE 10 INITRANS 2 MAXTRANS 255 COMPUTE STATISTICS 
  STORAGE(INITIAL 65536 NEXT 1048576 MINEXTENTS 1 MAXEXTENTS 2147483645
  PCTINCREASE 0 FREELISTS 1 FREELIST GROUPS 1 BUFFER_POOL DEFAULT FLASH_CACHE DEFAULT CELL_FLASH_CACHE DEFAULT)
  TABLESPACE "USERS"  ENABLE;
  ALTER TABLE "DENIZ"."YP_UNIVERSITE" MODIFY ("UNIVERSITE_AD" NOT NULL ENABLE);
  ALTER TABLE "DENIZ"."YP_UNIVERSITE" MODIFY ("UNIVERSITE_ID" NOT NULL ENABLE);
--------------------------------------------------------
--  Constraints for Table YP_OGRENCI_IZIN
--------------------------------------------------------

  ALTER TABLE "DENIZ"."YP_OGRENCI_IZIN" MODIFY ("IZIN_DURUM" NOT NULL ENABLE);
  ALTER TABLE "DENIZ"."YP_OGRENCI_IZIN" MODIFY ("IZIN_ADRESI" NOT NULL ENABLE);
  ALTER TABLE "DENIZ"."YP_OGRENCI_IZIN" ADD CONSTRAINT "TABLE1_PK" PRIMARY KEY ("IZIN_ID")
  USING INDEX PCTFREE 10 INITRANS 2 MAXTRANS 255 COMPUTE STATISTICS 
  STORAGE(INITIAL 65536 NEXT 1048576 MINEXTENTS 1 MAXEXTENTS 2147483645
  PCTINCREASE 0 FREELISTS 1 FREELIST GROUPS 1 BUFFER_POOL DEFAULT FLASH_CACHE DEFAULT CELL_FLASH_CACHE DEFAULT)
  TABLESPACE "USERS"  ENABLE;
  ALTER TABLE "DENIZ"."YP_OGRENCI_IZIN" MODIFY ("DONUS_TARIH" NOT NULL ENABLE);
  ALTER TABLE "DENIZ"."YP_OGRENCI_IZIN" MODIFY ("GIDIS_TARIH" NOT NULL ENABLE);
  ALTER TABLE "DENIZ"."YP_OGRENCI_IZIN" MODIFY ("OGRENCI_ID" NOT NULL ENABLE);
  ALTER TABLE "DENIZ"."YP_OGRENCI_IZIN" MODIFY ("IZIN_ID" NOT NULL ENABLE);
--------------------------------------------------------
--  Constraints for Table YP_OGRENCI
--------------------------------------------------------

  ALTER TABLE "DENIZ"."YP_OGRENCI" MODIFY ("KAYIT_DURUM" NOT NULL ENABLE);
  ALTER TABLE "DENIZ"."YP_OGRENCI" ADD CONSTRAINT "YP_OGRENCI_PK" PRIMARY KEY ("OGRENCI_ID")
  USING INDEX PCTFREE 10 INITRANS 2 MAXTRANS 255 COMPUTE STATISTICS 
  STORAGE(INITIAL 65536 NEXT 1048576 MINEXTENTS 1 MAXEXTENTS 2147483645
  PCTINCREASE 0 FREELISTS 1 FREELIST GROUPS 1 BUFFER_POOL DEFAULT FLASH_CACHE DEFAULT CELL_FLASH_CACHE DEFAULT)
  TABLESPACE "USERS"  ENABLE;
  ALTER TABLE "DENIZ"."YP_OGRENCI" MODIFY ("BOLUM_ID" NOT NULL ENABLE);
  ALTER TABLE "DENIZ"."YP_OGRENCI" MODIFY ("OGRENCI_SINIF" NOT NULL ENABLE);
  ALTER TABLE "DENIZ"."YP_OGRENCI" MODIFY ("OGRENCI_VELI_CEPNO" NOT NULL ENABLE);
  ALTER TABLE "DENIZ"."YP_OGRENCI" MODIFY ("OGRENCI_VELI_AD" NOT NULL ENABLE);
  ALTER TABLE "DENIZ"."YP_OGRENCI" MODIFY ("OGRENCI_CEPNO" NOT NULL ENABLE);
  ALTER TABLE "DENIZ"."YP_OGRENCI" MODIFY ("OGRENCI_DOGUM_TARIHI" NOT NULL ENABLE);
  ALTER TABLE "DENIZ"."YP_OGRENCI" MODIFY ("OGRENCI_ADRES" NOT NULL ENABLE);
  ALTER TABLE "DENIZ"."YP_OGRENCI" MODIFY ("OGRENCI_SOYAD" NOT NULL ENABLE);
  ALTER TABLE "DENIZ"."YP_OGRENCI" MODIFY ("OGRENCI_AD" NOT NULL ENABLE);
  ALTER TABLE "DENIZ"."YP_OGRENCI" MODIFY ("OGRENCI_TC" NOT NULL ENABLE);
  ALTER TABLE "DENIZ"."YP_OGRENCI" MODIFY ("OGRENCI_ID" NOT NULL ENABLE);
--------------------------------------------------------
--  Constraints for Table YP_ODEME
--------------------------------------------------------

  ALTER TABLE "DENIZ"."YP_ODEME" ADD CONSTRAINT "YP_ODEME_PK" PRIMARY KEY ("ODEME_ID")
  USING INDEX PCTFREE 10 INITRANS 2 MAXTRANS 255 COMPUTE STATISTICS 
  STORAGE(INITIAL 65536 NEXT 1048576 MINEXTENTS 1 MAXEXTENTS 2147483645
  PCTINCREASE 0 FREELISTS 1 FREELIST GROUPS 1 BUFFER_POOL DEFAULT FLASH_CACHE DEFAULT CELL_FLASH_CACHE DEFAULT)
  TABLESPACE "USERS"  ENABLE;
  ALTER TABLE "DENIZ"."YP_ODEME" MODIFY ("YONETICI_ID" NOT NULL ENABLE);
  ALTER TABLE "DENIZ"."YP_ODEME" MODIFY ("OGRENCI_ID" NOT NULL ENABLE);
  ALTER TABLE "DENIZ"."YP_ODEME" MODIFY ("ODEME_TARIH" NOT NULL ENABLE);
  ALTER TABLE "DENIZ"."YP_ODEME" MODIFY ("ODEME_ID" NOT NULL ENABLE);
--------------------------------------------------------
--  Constraints for Table YP_ODA_OZELLIK
--------------------------------------------------------

  ALTER TABLE "DENIZ"."YP_ODA_OZELLIK" MODIFY ("ODA_KOD" NOT NULL ENABLE);
  ALTER TABLE "DENIZ"."YP_ODA_OZELLIK" ADD CONSTRAINT "YP_ODA_OZELLIK_PK" PRIMARY KEY ("ODA_ID")
  USING INDEX PCTFREE 10 INITRANS 2 MAXTRANS 255 COMPUTE STATISTICS 
  STORAGE(INITIAL 65536 NEXT 1048576 MINEXTENTS 1 MAXEXTENTS 2147483645
  PCTINCREASE 0 FREELISTS 1 FREELIST GROUPS 1 BUFFER_POOL DEFAULT FLASH_CACHE DEFAULT CELL_FLASH_CACHE DEFAULT)
  TABLESPACE "USERS"  ENABLE;
  ALTER TABLE "DENIZ"."YP_ODA_OZELLIK" MODIFY ("GENISLIK" NOT NULL ENABLE);
  ALTER TABLE "DENIZ"."YP_ODA_OZELLIK" MODIFY ("FIYAT_BILGISI" NOT NULL ENABLE);
  ALTER TABLE "DENIZ"."YP_ODA_OZELLIK" MODIFY ("BALKON_DURUMU" NOT NULL ENABLE);
  ALTER TABLE "DENIZ"."YP_ODA_OZELLIK" MODIFY ("YATAK_SAYISI" NOT NULL ENABLE);
  ALTER TABLE "DENIZ"."YP_ODA_OZELLIK" MODIFY ("ODA_ID" NOT NULL ENABLE);
--------------------------------------------------------
--  Constraints for Table YP_ODA_KAYIT
--------------------------------------------------------

  ALTER TABLE "DENIZ"."YP_ODA_KAYIT" ADD CONSTRAINT "YP_ODA_KAYIT_PK" PRIMARY KEY ("KAYIT_ID")
  USING INDEX PCTFREE 10 INITRANS 2 MAXTRANS 255 COMPUTE STATISTICS 
  STORAGE(INITIAL 65536 NEXT 1048576 MINEXTENTS 1 MAXEXTENTS 2147483645
  PCTINCREASE 0 FREELISTS 1 FREELIST GROUPS 1 BUFFER_POOL DEFAULT FLASH_CACHE DEFAULT CELL_FLASH_CACHE DEFAULT)
  TABLESPACE "USERS"  ENABLE;
  ALTER TABLE "DENIZ"."YP_ODA_KAYIT" MODIFY ("CIKIS_TARIHI" NOT NULL ENABLE);
  ALTER TABLE "DENIZ"."YP_ODA_KAYIT" MODIFY ("GIRIS_TARIHI" NOT NULL ENABLE);
  ALTER TABLE "DENIZ"."YP_ODA_KAYIT" MODIFY ("ODA_ID" NOT NULL ENABLE);
  ALTER TABLE "DENIZ"."YP_ODA_KAYIT" MODIFY ("OGRENCI_ID" NOT NULL ENABLE);
  ALTER TABLE "DENIZ"."YP_ODA_KAYIT" MODIFY ("KAYIT_ID" NOT NULL ENABLE);
--------------------------------------------------------
--  Constraints for Table YP_GIRIS
--------------------------------------------------------

  ALTER TABLE "DENIZ"."YP_GIRIS" ADD CONSTRAINT "YP_GIRIS_PK" PRIMARY KEY ("GIRIS_ID")
  USING INDEX PCTFREE 10 INITRANS 2 MAXTRANS 255 COMPUTE STATISTICS 
  STORAGE(INITIAL 65536 NEXT 1048576 MINEXTENTS 1 MAXEXTENTS 2147483645
  PCTINCREASE 0 FREELISTS 1 FREELIST GROUPS 1 BUFFER_POOL DEFAULT FLASH_CACHE DEFAULT CELL_FLASH_CACHE DEFAULT)
  TABLESPACE "USERS"  ENABLE;
  ALTER TABLE "DENIZ"."YP_GIRIS" MODIFY ("YONETICI_ID" NOT NULL ENABLE);
  ALTER TABLE "DENIZ"."YP_GIRIS" MODIFY ("GIRIS_TARIH" NOT NULL ENABLE);
  ALTER TABLE "DENIZ"."YP_GIRIS" MODIFY ("GIRIS_ID" NOT NULL ENABLE);
--------------------------------------------------------
--  Constraints for Table YP_BOLUM
--------------------------------------------------------

  ALTER TABLE "DENIZ"."YP_BOLUM" ADD CONSTRAINT "YP_BOLUM_PK" PRIMARY KEY ("BOLUM_ID")
  USING INDEX PCTFREE 10 INITRANS 2 MAXTRANS 255 COMPUTE STATISTICS 
  STORAGE(INITIAL 65536 NEXT 1048576 MINEXTENTS 1 MAXEXTENTS 2147483645
  PCTINCREASE 0 FREELISTS 1 FREELIST GROUPS 1 BUFFER_POOL DEFAULT FLASH_CACHE DEFAULT CELL_FLASH_CACHE DEFAULT)
  TABLESPACE "USERS"  ENABLE;
  ALTER TABLE "DENIZ"."YP_BOLUM" MODIFY ("YIL_SAYISI" NOT NULL ENABLE);
  ALTER TABLE "DENIZ"."YP_BOLUM" MODIFY ("BOLUM_AD" NOT NULL ENABLE);
  ALTER TABLE "DENIZ"."YP_BOLUM" MODIFY ("FAKULTE_ID" NOT NULL ENABLE);
  ALTER TABLE "DENIZ"."YP_BOLUM" MODIFY ("BOLUM_ID" NOT NULL ENABLE);
--------------------------------------------------------
--  Constraints for Table YP_BIRIM
--------------------------------------------------------

  ALTER TABLE "DENIZ"."YP_BIRIM" ADD CONSTRAINT "YP_BIRIM_PK" PRIMARY KEY ("BIRIM_ID")
  USING INDEX PCTFREE 10 INITRANS 2 MAXTRANS 255 COMPUTE STATISTICS 
  STORAGE(INITIAL 65536 NEXT 1048576 MINEXTENTS 1 MAXEXTENTS 2147483645
  PCTINCREASE 0 FREELISTS 1 FREELIST GROUPS 1 BUFFER_POOL DEFAULT FLASH_CACHE DEFAULT CELL_FLASH_CACHE DEFAULT)
  TABLESPACE "USERS"  ENABLE;
  ALTER TABLE "DENIZ"."YP_BIRIM" MODIFY ("BIRIM_MAAS" NOT NULL ENABLE);
  ALTER TABLE "DENIZ"."YP_BIRIM" MODIFY ("BIRIM_AD" NOT NULL ENABLE);
  ALTER TABLE "DENIZ"."YP_BIRIM" MODIFY ("BIRIM_ID" NOT NULL ENABLE);
--------------------------------------------------------
--  Constraints for Table YP_FAKULTE
--------------------------------------------------------

  ALTER TABLE "DENIZ"."YP_FAKULTE" ADD CONSTRAINT "YP_FAKULTE_PK" PRIMARY KEY ("FAKULTE_ID")
  USING INDEX PCTFREE 10 INITRANS 2 MAXTRANS 255 COMPUTE STATISTICS 
  STORAGE(INITIAL 65536 NEXT 1048576 MINEXTENTS 1 MAXEXTENTS 2147483645
  PCTINCREASE 0 FREELISTS 1 FREELIST GROUPS 1 BUFFER_POOL DEFAULT FLASH_CACHE DEFAULT CELL_FLASH_CACHE DEFAULT)
  TABLESPACE "USERS"  ENABLE;
  ALTER TABLE "DENIZ"."YP_FAKULTE" MODIFY ("FAKULTE_AD" NOT NULL ENABLE);
  ALTER TABLE "DENIZ"."YP_FAKULTE" MODIFY ("UNIVERSITE_ID" NOT NULL ENABLE);
  ALTER TABLE "DENIZ"."YP_FAKULTE" MODIFY ("FAKULTE_ID" NOT NULL ENABLE);
